BEGIN TRANSACTION;
DROP TABLE IF EXISTS "skills";
CREATE TABLE [skills] ([name] TEXT, [cleric] TEXT, [fighter] TEXT, [paladin] TEXT, [ranger] TEXT, [rogue] TEXT, [warlock] TEXT, [warlord] TEXT, [wizard] TEXT, [ability] INT);
INSERT INTO `skills` VALUES('Acrobatics','N','N','N','Y','Y','N','N','N','Dexterity');
INSERT INTO `skills` VALUES('Arcana','Y','N','N','N','N','Y','N','Y','Intelligence');
INSERT INTO `skills` VALUES('Athletics','N','Y','N','Y','Y','N','Y','N','Strength');
INSERT INTO `skills` VALUES('Bluff','N','N','N','N','Y','Y','N','N','Charisma');
INSERT INTO `skills` VALUES('Diplomacy','Y','N','Y','N','N','N','N','Y','Charisma');
INSERT INTO `skills` VALUES('Dungeoneering','N','N','N','Y','Y','N','N','Y','Wisdom');
INSERT INTO `skills` VALUES('Endurance','N','Y','N','N','N','N','Y','N','Constitution');
INSERT INTO `skills` VALUES('Heal','Y','Y','Y','Y','N','N','Y','N','Wisdom');
INSERT INTO `skills` VALUES('History','Y','N','Y','N','N','Y','Y','Y','Intelligence');
INSERT INTO `skills` VALUES('Insight','Y','N','Y','N','Y','Y','N','Y','Wisdom');
INSERT INTO `skills` VALUES('Intimidate','N','Y','Y','N','Y','N','Y','N','Charisma');
INSERT INTO `skills` VALUES('Nature','N','N','N','Y','N','N','N','Y','Wisdom');
INSERT INTO `skills` VALUES('Perception','N','N','N','Y','N','N','N','N','Wisdom');
INSERT INTO `skills` VALUES('Religion','Y','N','Y','N','N','Y','N','Y','Intelligence');
INSERT INTO `skills` VALUES('Stealth','N','N','N','Y','Y','N','N','N','Dexterity');
INSERT INTO `skills` VALUES('Streetwise','N','Y','N','N','Y','Y','N','N','Charisma');
INSERT INTO `skills` VALUES('Thievery','N','N','N','N','Y','Y','N','N','Dexterity');
DROP TABLE IF EXISTS "sexes";
CREATE TABLE "sexes" ([name] TEXT);
INSERT INTO `sexes` VALUES('Female');
INSERT INTO `sexes` VALUES('Male');
DROP TABLE IF EXISTS "races";
CREATE TABLE [races] ([name] TEXT, [description] TEXT);
INSERT INTO `races` VALUES('Dragonborn','Born to fight, dragonborn are a race of wandering mercenaries, soldiers, and adventurers. Long ago, their empire contended for worldwide dominion, but now only a few rootless clans of these honorable warriors remain to pass on their legends of ancient glory.');
INSERT INTO `races` VALUES('Dwarf','Carved from the bedrock of the universe, dwarves endured an age of servitude to giants before winning their freedom. Their mighty mountain fortress-cities testify to the power of their ancient empires. Even those who live in human cities are counted among the staunchest defenders against the darkness that threatens to engulf the world.');
INSERT INTO `races` VALUES('Eladrin','Creatures of magic with strong ties to nature, eladrin live in cities in the twilight realm of the Feywild. Their cities lie close enough to the world that they sometimes cross over, appearing briefly in mountain valleys or deep forest glades before fading back into the Feywild.');
INSERT INTO `races` VALUES('Elf','Wild and free, elves guard their forested lands using stealth and deadly arrows from the trees. They build their homes in close harmony with the forest, so perfectly joined that travelers often fail to notice that they have entered an elven community until its too late.');
INSERT INTO `races` VALUES('Half-elf','Descended from elves and humans, half-elves are a vital race in which the best features of elves and humans often appear.');
INSERT INTO `races` VALUES('Halfling','Halflings are small race known for their resourcefulness, quick wits, and steady nerves. They are a nomadic folk who roam waterways and marshlands. No people travel farther or see more of what happens in the world than halflings.');
INSERT INTO `races` VALUES('Human','Of all the civilized races, humans are the most adaptable and diverse. Human settlements can be found almost anywhere, and human morals, customs, and interests vary greatly.');
DROP TABLE IF EXISTS "feats";
CREATE TABLE [feats] ([name] TEXT, [type] TEXT, [race] TEXT, [deity] TEXT, [job] TEXT, [feat] TEXT, [skill] TEXT, [strength] INT, [dexterity] INT, [constitution] INT, [intelligence] INT, [wisdom] INT, [charisma] INT);
INSERT INTO `feats` VALUES('Action Recovery','paragon','Human','-','-','-','-',1,1,1,1,1,1);
INSERT INTO `feats` VALUES('Action Surge','heroic','Human','-','-','-','-',1,1,1,1,1,1);
INSERT INTO `feats` VALUES('Agile Athlete','paragon','-','-','-','-','-',1,1,1,1,1,1);
INSERT INTO `feats` VALUES('Agile Hunter','heroic','-','-','Ranger','-','-',1,15,1,1,1,1);
INSERT INTO `feats` VALUES('Alertness','heroic','-','-','-','-','-',1,1,1,1,1,1);
INSERT INTO `feats` VALUES('Arcane Mastery','epic','-','-','Wizard','-','-',1,1,1,1,1,1);
INSERT INTO `feats` VALUES('Arcane Reach','paragon','-','-','-','-','-',1,15,1,1,1,1);
INSERT INTO `feats` VALUES('Armor Proficiency Chainmail','heroic','-','-','Cleric|Fighter|Paladin|Warlord','Armor Proficiency Leather||Armor Proficiency Hide','-',13,1,13,1,1,1);
INSERT INTO `feats` VALUES('Armor Proficiency Hide','heroic','-','-','Cleric|Fighter|Paladin|Ranger|Warlord','Armor Proficiency Leather','-',13,1,13,1,1,1);
INSERT INTO `feats` VALUES('Armor Proficiency Leather','heroic','-','-','Cleric|Fighter|Paladin|Ranger|Rogue|Warlock|Warlord','-','-',1,1,1,1,1,1);
INSERT INTO `feats` VALUES('Armor Proficiency Plate','heroic','-','-','Fighter|Paladin','Armor Proficiency Scale','-',15,1,15,1,1,1);
INSERT INTO `feats` VALUES('Armor Proficiency Scale','heroic','-','-','Fighter|Paladin','Armor Proficiency Chainmail','-',13,1,13,1,1,1);
INSERT INTO `feats` VALUES('Armor Specialization Chainmail','paragon','-','-','-','Armor Proficiency Chainmail','-',1,15,1,1,1,1);
INSERT INTO `feats` VALUES('Armor Specialization Hide','paragon','-','-','-','Armor Proficiency Hide','-',1,1,15,1,1,1);
INSERT INTO `feats` VALUES('Armor Specialization Plate','paragon','-','-','-','Armor Proficiency Plate','-',1,1,15,1,1,1);
INSERT INTO `feats` VALUES('Armor Specialization Scale','paragon','-','-','-','Armor Proficiency Scale','-',1,15,1,1,1,1);
INSERT INTO `feats` VALUES('Armor of Bahamut','heroic','-','Bahamut','-','-','-',1,1,1,1,1,1);
INSERT INTO `feats` VALUES('Astral Fire','heroic','-','-','-','-','-',1,13,1,1,1,13);
INSERT INTO `feats` VALUES('Avandra''s Rescue','heroic','-','Avandra','-','-','-',1,1,1,1,1,1);
INSERT INTO `feats` VALUES('Axe Mastery','epic','-','-','-','-','-',21,1,17,1,1,1);
INSERT INTO `feats` VALUES('Back to the Wall','paragon','-','-','-','-','-',1,1,1,1,1,1);
INSERT INTO `feats` VALUES('Backstabber','heroic','-','-','Rogue','-','-',1,1,1,1,1,1);
INSERT INTO `feats` VALUES('Blade Opportunist','heroic','-','-','-','-','-',13,13,1,1,1,1);
INSERT INTO `feats` VALUES('Blind-Fight','epic','-','-','-','-','Perception',1,1,1,1,13,1);
INSERT INTO `feats` VALUES('Blood Thirst','paragon','-','-','-','-','-',1,1,1,1,1,1);
INSERT INTO `feats` VALUES('Bludgeon Mastery','epic','-','-','-','-','-',19,1,19,1,1,1);
INSERT INTO `feats` VALUES('Burning Blizzard','heroic','-','-','-','-','-',1,1,1,13,13,1);
INSERT INTO `feats` VALUES('Combat Anticipation','paragon','-','-','-','-','-',1,1,1,1,1,1);
INSERT INTO `feats` VALUES('Combat Commander','paragon','-','-','Warlord','-','-',1,1,1,1,1,1);
INSERT INTO `feats` VALUES('Combat Reflexes','heroic','-','-','-','-','-',1,13,1,1,1,1);
INSERT INTO `feats` VALUES('Corellon''s Grace','heroic','-','Corellon','-','-','-',1,1,1,1,1,1);
INSERT INTO `feats` VALUES('Danger Sense','paragon','-','-','-','-','-',1,1,1,1,1,1);
INSERT INTO `feats` VALUES('Dark Fury','heroic','-','-','-','-','-',1,1,13,1,13,1);
INSERT INTO `feats` VALUES('Deadly Axe','paragon','-','-','-','-','-',17,1,13,1,1,1);
INSERT INTO `feats` VALUES('Defensive Advantage','paragon','-','-','-','-','-',1,17,1,1,1,1);
INSERT INTO `feats` VALUES('Defensive Mobility','heroic','-','-','-','-','-',1,1,1,1,1,1);
INSERT INTO `feats` VALUES('Devastating Critical','paragon','-','-','-','-','-',1,1,1,1,1,1);
INSERT INTO `feats` VALUES('Distant Shot','paragon','-','-','-','-','-',1,1,1,1,1,1);
INSERT INTO `feats` VALUES('Distracting Shield','heroic','-','-','Fighter','-','-',1,1,1,1,15,1);
INSERT INTO `feats` VALUES('Dodge Giants','heroic','Dwarf','-','-','-','-',1,1,1,1,1,1);
INSERT INTO `feats` VALUES('Dragonborn Frenzy','heroic','Dragonborn','-','-','-','-',1,1,1,1,1,1);
INSERT INTO `feats` VALUES('Dragonborn Senses','heroic','Dragonborn','-','-','-','-',1,1,1,1,1,1);
INSERT INTO `feats` VALUES('Durable','heroic','-','-','-','-','-',1,1,1,1,1,1);
INSERT INTO `feats` VALUES('Dwarven Durability','paragon','Dwarf','-','-','-','-',1,1,1,1,1,1);
INSERT INTO `feats` VALUES('Dwarven Weapon Training','heroic','Dwarf','-','-','-','-',1,1,1,1,1,1);
INSERT INTO `feats` VALUES('Eladrin Soldier','heroic','Eladrin','-','-','-','-',1,1,1,1,1,1);
INSERT INTO `feats` VALUES('Elven Precision','heroic','Elf','-','-','-','-',1,1,1,1,1,1);
INSERT INTO `feats` VALUES('Empowered Dragon Breath','paragon','Dragonborn','-','-','-','-',1,1,1,1,1,1);
INSERT INTO `feats` VALUES('Enlarged Dragon Breath','heroic','Dragonborn','-','-','-','-',1,1,1,1,1,1);
INSERT INTO `feats` VALUES('Epic Resurgence','epic','-','-','-','-','-',1,1,1,1,1,1);
INSERT INTO `feats` VALUES('Escape Artist','heroic','-','-','-','-','Acrobatics',1,1,1,1,1,1);
INSERT INTO `feats` VALUES('Evasion','paragon','-','-','-','-','-',1,15,1,1,1,1);
INSERT INTO `feats` VALUES('Expanded Spellbook','heroic','-','-','Wizard','-','-',1,1,1,1,13,1);
INSERT INTO `feats` VALUES('Far Shot','heroic','-','-','-','-','-',1,13,1,1,1,1);
INSERT INTO `feats` VALUES('Far Throw','heroic','-','-','-','-','-',13,1,1,1,1,1);
INSERT INTO `feats` VALUES('Fast Runner','heroic','-','-','-','-','-',1,1,13,1,1,1);
INSERT INTO `feats` VALUES('Ferocious Rebuke','heroic','Tiefling','-','-','-','-',1,1,1,1,1,1);
INSERT INTO `feats` VALUES('Feywild Protection','paragon','Eladrin','-','-','-','-',1,1,1,1,1,1);
INSERT INTO `feats` VALUES('Fiery Rebuke','paragon','Tiefling','-','-','-','-',1,1,1,1,1,1);
INSERT INTO `feats` VALUES('Flail Mastery','epic','-','-','-','-','-',19,19,1,1,1,1);
INSERT INTO `feats` VALUES('Flanking Maneuver','epic','-','-','-','-','Acrobatics',1,17,1,1,1,1);
INSERT INTO `feats` VALUES('Fleet-Footed','paragon','-','-','-','-','-',1,1,1,1,1,1);
INSERT INTO `feats` VALUES('Font of Radiance','epic','-','-','-','-','-',1,1,1,1,1,1);
INSERT INTO `feats` VALUES('Great Fortitude','paragon','-','-','-','-','-',1,1,1,1,1,1);
INSERT INTO `feats` VALUES('Group Insight','heroic','Half-elf','-','-','-','-',1,1,1,1,1,1);
INSERT INTO `feats` VALUES('Halfling Agility','heroic','Halfling','-','-','-','-',1,1,1,1,1,1);
INSERT INTO `feats` VALUES('Hammer Rhythm','paragon','-','-','-','-','-',15,1,17,1,1,1);
INSERT INTO `feats` VALUES('Harmony of Erathis','heroic','-','Erathis','-','-','-',1,1,1,1,1,1);
INSERT INTO `feats` VALUES('Healing Hands','heroic','-','-','Paladin','-','-',1,1,1,1,1,1);
INSERT INTO `feats` VALUES('Heavy Blade Mastery','epic','-','-','-','-','-',21,17,1,1,1,1);
INSERT INTO `feats` VALUES('Heavy Blade Opportunity','paragon','-','-','-','-','-',15,15,1,1,1,1);
INSERT INTO `feats` VALUES('Hellfire Blood','heroic','Tiefling','-','-','-','-',1,1,1,1,1,1);
INSERT INTO `feats` VALUES('Human Perseverance','heroic','Human','-','-','-','-',1,1,1,1,1,1);
INSERT INTO `feats` VALUES('Improved Dark One''s Blessing','heroic','-','-','Warlock','-','-',1,1,15,1,1,1);
INSERT INTO `feats` VALUES('Improved Fate of the Void','heroic','-','-','Warlock','-','-',1,1,13,1,1,13);
INSERT INTO `feats` VALUES('Improved Initiative','heroic','-','-','-','-','-',1,1,1,1,1,1);
INSERT INTO `feats` VALUES('Improved Misty Step','heroic','-','-','Warlock','-','-',1,1,1,13,1,1);
INSERT INTO `feats` VALUES('Improved Second Wind','paragon','-','-','-','-','-',1,1,1,1,1,1);
INSERT INTO `feats` VALUES('Inescapable Force','paragon','-','-','-','-','-',1,1,1,1,1,1);
INSERT INTO `feats` VALUES('Inspired Recovery','heroic','-','-','Warlord','-','-',1,1,1,1,1,1);
INSERT INTO `feats` VALUES('Ioun''s Poise','heroic','-','Ioun','-','-','-',1,1,1,1,1,1);
INSERT INTO `feats` VALUES('Iron Will','paragon','-','-','-','-','-',1,1,1,1,1,1);
INSERT INTO `feats` VALUES('Irresistable Flame','epic','-','-','-','-','-',1,1,1,1,1,1);
INSERT INTO `feats` VALUES('Jack of All Trades','heroic','-','-','-','-','-',1,1,1,13,1,1);
INSERT INTO `feats` VALUES('Kord''s Favor','heroic','-','Kord','-','-','-',1,1,1,1,1,1);
INSERT INTO `feats` VALUES('Lasting Frost','paragon','-','-','-','-','-',1,1,1,1,1,1);
INSERT INTO `feats` VALUES('Lethal Hunter','heroic','-','-','Ranger','-','-',1,1,1,1,1,1);
INSERT INTO `feats` VALUES('Light Blade Mastery','epic','-','-','-','-','-',17,21,1,1,1,1);
INSERT INTO `feats` VALUES('Light Blade Precision','paragon','-','-','-','-','-',1,13,1,1,1,1);
INSERT INTO `feats` VALUES('Light Step','heroic','Elf','-','-','-','-',1,1,1,1,1,1);
INSERT INTO `feats` VALUES('Lightning Arc','paragon','-','-','-','-','-',1,1,1,1,1,1);
INSERT INTO `feats` VALUES('Lightning Reflexes','paragon','-','-','-','-','-',1,1,1,1,1,1);
INSERT INTO `feats` VALUES('Linguist','heroic','-','-','-','-','-',1,1,1,13,1,1);
INSERT INTO `feats` VALUES('Long Jumper','heroic','-','-','-','-','Athletics',1,1,1,1,1,1);
INSERT INTO `feats` VALUES('Lost in the Crowd','heroic','Halfing','-','-','-','-',1,1,1,1,1,1);
INSERT INTO `feats` VALUES('Melora''s Tide','heroic','-','Melora','-','-','-',1,1,1,1,1,1);
INSERT INTO `feats` VALUES('Mettle','paragon','-','-','-','-','-',1,1,1,1,1,1);
INSERT INTO `feats` VALUES('Moradin''s Resolve','heroic','-','Moradin','-','-','-',1,1,1,1,1,1);
INSERT INTO `feats` VALUES('Mounted Combat','heroic','-','-','-','-','-',1,1,1,1,1,1);
INSERT INTO `feats` VALUES('Nimble Blade','heroic','-','-','-','-','-',1,15,1,1,1,1);
INSERT INTO `feats` VALUES('Pelor''s Radiance','heroic','-','Pelor','-','-','-',1,1,1,1,1,1);
INSERT INTO `feats` VALUES('Pick Mastery','epic','-','-','-','-','-',21,1,17,1,1,1);
INSERT INTO `feats` VALUES('Point-Blank Shot','paragon','-','-','-','-','-',1,1,1,1,1,1);
INSERT INTO `feats` VALUES('Polearm Gamble','paragon','-','-','-','-','-',15,1,1,1,15,1);
INSERT INTO `feats` VALUES('Potent Challenge','heroic','-','-','Fighter','-','-',1,1,15,1,1,1);
INSERT INTO `feats` VALUES('Power Attack','heroic','-','-','-','-','-',15,1,1,1,1,1);
INSERT INTO `feats` VALUES('Powerful Charge','heroic','-','-','-','-','-',13,1,1,1,1,1);
INSERT INTO `feats` VALUES('Precise Hunter','heroic','-','-','Ranger','-','-',1,1,1,1,15,1);
INSERT INTO `feats` VALUES('Press the Advantage','heroic','-','-','Rogue','-','-',1,1,1,1,1,15);
INSERT INTO `feats` VALUES('Psychic Lock','paragon','-','-','-','-','-',1,1,1,1,1,1);
INSERT INTO `feats` VALUES('Quick Draw','heroic','-','-','-','-','-',1,13,1,1,1,1);
INSERT INTO `feats` VALUES('Raging Storm','heroic','-','-','-','-','-',1,13,13,1,1,1);
INSERT INTO `feats` VALUES('Raven Queen''s Blessing','heroic','-','Raven Queen','-','-','-',1,1,1,1,1,1);
INSERT INTO `feats` VALUES('Resounding Thunder','paragon','-','-','-','-','-',1,1,1,1,1,1);
INSERT INTO `feats` VALUES('Ritual Caster','heroic','-','-','-','-','Arcana||Religion',1,1,1,1,1,1);
INSERT INTO `feats` VALUES('Running Shot','paragon','Elf','-','-','-','-',1,1,1,1,1,1);
INSERT INTO `feats` VALUES('Scimitar Dance','paragon','-','-','-','-','-',15,17,1,1,1,1);
INSERT INTO `feats` VALUES('Second Implement','paragon','-','-','Wizard','-','-',1,1,1,1,1,1);
INSERT INTO `feats` VALUES('Secret Stride','paragon','-','-','-','-','Stealth',1,1,1,1,1,1);
INSERT INTO `feats` VALUES('Sehanine''s Reversal','heroic','-','Sehanine','-','-','-',1,1,1,1,1,1);
INSERT INTO `feats` VALUES('Seize the Moment','paragon','-','-','-','-','-',1,17,1,1,1,1);
INSERT INTO `feats` VALUES('Shield Proficiency Heavy','heroic','-','-','Fighter|Paladin','Shield Proficiency Light','-',15,1,1,1,1,1);
INSERT INTO `feats` VALUES('Shield Proficiency Light','heroic','-','-','Fighter|Paladin|Warlord','-','-',13,1,1,1,1,1);
INSERT INTO `feats` VALUES('Shield Push','heroic','-','-','Fighter','-','-',1,1,1,1,1,1);
INSERT INTO `feats` VALUES('Shield Specialization','paragon','-','-','-','Shield Proficiency Heavy||Shield Proficiency Light','-',1,15,1,1,1,1);
INSERT INTO `feats` VALUES('Skill Focus Acrobatics','heroic','-','-','-','-','Acrobatics',1,1,1,1,1,1);
INSERT INTO `feats` VALUES('Skill Focus Arcana','heroic','-','-','-','-','Arcana',1,1,1,1,1,1);
INSERT INTO `feats` VALUES('Skill Focus Athletics','heroic','-','-','-','-','Athletics',1,1,1,1,1,1);
INSERT INTO `feats` VALUES('Skill Focus Bluff','heroic','-','-','-','-','Bluff',1,1,1,1,1,1);
INSERT INTO `feats` VALUES('Skill Focus Diplomacy','heroic','-','-','-','-','Diplomacy',1,1,1,1,1,1);
INSERT INTO `feats` VALUES('Skill Focus Dungeoneering','heroic','-','-','-','-','Dungeoneering',1,1,1,1,1,1);
INSERT INTO `feats` VALUES('Skill Focus Endurance','heroic','-','-','-','-','Endurance',1,1,1,1,1,1);
INSERT INTO `feats` VALUES('Skill Focus Heal','heroic','-','-','-','-','Heal',1,1,1,1,1,1);
INSERT INTO `feats` VALUES('Skill Focus History','heroic','-','-','-','-','History',1,1,1,1,1,1);
INSERT INTO `feats` VALUES('Skill Focus Insight','heroic','-','-','-','-','Insight',1,1,1,1,1,1);
INSERT INTO `feats` VALUES('Skill Focus Intimidate','heroic','-','-','-','-','Intimidate',1,1,1,1,1,1);
INSERT INTO `feats` VALUES('Skill Focus Nature','heroic','-','-','-','-','Nature',1,1,1,1,1,1);
INSERT INTO `feats` VALUES('Skill Focus Perception','heroic','-','-','-','-','Perception',1,1,1,1,1,1);
INSERT INTO `feats` VALUES('Skill Focus Religion','heroic','-','-','-','-','Religion',1,1,1,1,1,1);
INSERT INTO `feats` VALUES('Skill Focus Stealth','heroic','-','-','-','-','Stealth',1,1,1,1,1,1);
INSERT INTO `feats` VALUES('Skill Focus Streetwise','heroic','-','-','-','-','Streetwise',1,1,1,1,1,1);
INSERT INTO `feats` VALUES('Skill Focus Thievery','heroic','-','-','-','-','Thievery',1,1,1,1,1,1);
INSERT INTO `feats` VALUES('Skill Training Acrobatics','heroic','-','-','-','-','!Acrobatics',1,1,1,1,1,1);
INSERT INTO `feats` VALUES('Skill Training Arcana','heroic','-','-','-','-','!Arcana',1,1,1,1,1,1);
INSERT INTO `feats` VALUES('Skill Training Athletics','heroic','-','-','-','-','!Athletics',1,1,1,1,1,1);
INSERT INTO `feats` VALUES('Skill Training Bluff','heroic','-','-','-','-','!Bluff',1,1,1,1,1,1);
INSERT INTO `feats` VALUES('Skill Training Diplomacy','heroic','-','-','-','-','!Diplomacy',1,1,1,1,1,1);
INSERT INTO `feats` VALUES('Skill Training Dungeoneering','heroic','-','-','-','-','!Dungeoneering',1,1,1,1,1,1);
INSERT INTO `feats` VALUES('Skill Training Endurance','heroic','-','-','-','-','!Endurance',1,1,1,1,1,1);
INSERT INTO `feats` VALUES('Skill Training Heal','heroic','-','-','-','-','!Heal',1,1,1,1,1,1);
INSERT INTO `feats` VALUES('Skill Training History','heroic','-','-','-','-','!History',1,1,1,1,1,1);
INSERT INTO `feats` VALUES('Skill Training Insight','heroic','-','-','-','-','!Insight',1,1,1,1,1,1);
INSERT INTO `feats` VALUES('Skill Training Intimidate','heroic','-','-','-','-','!Intimidate',1,1,1,1,1,1);
INSERT INTO `feats` VALUES('Skill Training Nature','heroic','-','-','-','-','!Nature',1,1,1,1,1,1);
INSERT INTO `feats` VALUES('Skill Training Perception','heroic','-','-','-','-','!Perception',1,1,1,1,1,1);
INSERT INTO `feats` VALUES('Skill Training Religion','heroic','-','-','-','-','!Religion',1,1,1,1,1,1);
INSERT INTO `feats` VALUES('Skill Training Stealth','heroic','-','-','-','-','!Stealth',1,1,1,1,1,1);
INSERT INTO `feats` VALUES('Skill Training Streetwise','heroic','-','-','-','-','!Streetwise',1,1,1,1,1,1);
INSERT INTO `feats` VALUES('Skill Training Thievery','heroic','-','-','-','-','!Thievery',1,1,1,1,1,1);
INSERT INTO `feats` VALUES('Sly Hunter','paragon','-','-','-','-','-',1,1,1,1,15,1);
INSERT INTO `feats` VALUES('Solid Sound','paragon','-','-','-','-','-',1,13,1,1,1,1);
INSERT INTO `feats` VALUES('Spear Mastery','epic','-','-','-','-','-',19,19,1,1,1,1);
INSERT INTO `feats` VALUES('Spear Push','paragon','-','-','-','-','-',15,13,1,1,1,1);
INSERT INTO `feats` VALUES('Spell Accuracy','epic','-','-','Wizard','-','-',1,1,1,1,1,1);
INSERT INTO `feats` VALUES('Spell Focus','paragon','-','-','Wizard','-','-',1,1,1,1,1,13);
INSERT INTO `feats` VALUES('Steady Shooter','paragon','-','-','-','-','-',1,1,15,1,1,1);
INSERT INTO `feats` VALUES('Sure Climber','heroic','-','-','-','-','Athletics',1,1,1,1,1,1);
INSERT INTO `feats` VALUES('Surprise Knockdown','heroic','-','-','Rogue','-','-',15,1,1,1,1,1);
INSERT INTO `feats` VALUES('Sweeping Flail','paragon','-','-','-','-','-',15,15,1,1,1,1);
INSERT INTO `feats` VALUES('Tactical Assault','heroic','-','-','Warlord','-','-',1,1,1,1,1,1);
INSERT INTO `feats` VALUES('Toughness','heroic','-','-','-','-','-',1,1,1,1,1,1);
INSERT INTO `feats` VALUES('Triumphant Attack','epic','-','-','-','-','-',1,1,1,1,1,1);
INSERT INTO `feats` VALUES('Two-Weapon Defense','heroic','-','-','-','Two-Weapon Fighting','-',1,13,1,1,1,1);
INSERT INTO `feats` VALUES('Two-Weapon Fighting','heroic','-','-','-','-','-',1,13,1,1,1,1);
INSERT INTO `feats` VALUES('Two-Weapon Flurry','epic','-','-','-','Two-Weapon Fighting','-',1,19,1,1,1,1);
INSERT INTO `feats` VALUES('Twofold Curse','paragon','-','-','Warlord','-','-',1,1,1,1,1,1);
INSERT INTO `feats` VALUES('Uncanny Dodge','paragon','-','-','-','-','-',1,1,1,1,15,1);
INSERT INTO `feats` VALUES('Underfoot','paragon','Halfing','-','-','-','Acrobatics',1,1,1,1,1,1);
INSERT INTO `feats` VALUES('Unfettered Stride','epic','-','-','-','-','Acrobatics',1,1,1,1,1,1);
INSERT INTO `feats` VALUES('Weapon Focus Axe','heroic','-','-','-','-','-',1,1,1,1,1,1);
INSERT INTO `feats` VALUES('Weapon Focus Bow','heroic','-','-','-','-','-',1,1,1,1,1,1);
INSERT INTO `feats` VALUES('Weapon Focus Crossbow','heroic','-','-','-','-','-',1,1,1,1,1,1);
INSERT INTO `feats` VALUES('Weapon Focus Flail','heroic','-','-','-','-','-',1,1,1,1,1,1);
INSERT INTO `feats` VALUES('Weapon Focus Hammer','heroic','-','-','-','-','-',1,1,1,1,1,1);
INSERT INTO `feats` VALUES('Weapon Focus Heavy Blade','heroic','-','-','-','-','-',1,1,1,1,1,1);
INSERT INTO `feats` VALUES('Weapon Focus Light Blade','heroic','-','-','-','-','-',1,1,1,1,1,1);
INSERT INTO `feats` VALUES('Weapon Focus Mace','heroic','-','-','-','-','-',1,1,1,1,1,1);
INSERT INTO `feats` VALUES('Weapon Focus Pick','heroic','-','-','-','-','-',1,1,1,1,1,1);
INSERT INTO `feats` VALUES('Weapon Focus Polearm','heroic','-','-','-','-','-',1,1,1,1,1,1);
INSERT INTO `feats` VALUES('Weapon Focus Sling','heroic','-','-','-','-','-',1,1,1,1,1,1);
INSERT INTO `feats` VALUES('Weapon Focus Spear','heroic','-','-','-','-','-',1,1,1,1,1,1);
INSERT INTO `feats` VALUES('Weapon Focus Staff','heroic','-','-','-','-','-',1,1,1,1,1,1);
INSERT INTO `feats` VALUES('Weapon Focus Unarmed','heroic','-','-','-','-','-',1,1,1,1,1,1);
INSERT INTO `feats` VALUES('Weapon Proficiency Battleaxe','heroic','-','-','Cleric|Fighter|Paladin|Ranger|Warlord','-','-',1,1,1,1,1,1);
INSERT INTO `feats` VALUES('Weapon Proficiency Bastard sword','heroic','-','-','-','-','-',1,1,1,1,1,1);
INSERT INTO `feats` VALUES('Weapon Proficiency Club','heroic','-','-','Cleric|Fighter|Paladin|Ranger|Warlock|Warlord','-','-',1,1,1,1,1,1);
INSERT INTO `feats` VALUES('Weapon Proficiency Crossbow','heroic','-','-','Cleric|Fighter|Paladin|Ranger|Warlock|Warlord','-','-',1,1,1,1,1,1);
INSERT INTO `feats` VALUES('Weapon Proficiency Dagger','heroic','-','-','Cleric|Fighter|Paladin|Ranger|Rogue|Warlock|Warlord|Wizard','-','-',1,1,1,1,1,1);
INSERT INTO `feats` VALUES('Weapon Proficiency Falchion','heroic','-','-','Cleric|Fighter|Paladin|Ranger|Warlord','-','-',1,1,1,1,1,1);
INSERT INTO `feats` VALUES('Weapon Proficiency Flail','heroic','-','-','Cleric|Fighter|Paladin|Ranger|Warlord','-','-',1,1,1,1,1,1);
INSERT INTO `feats` VALUES('Weapon Proficiency Glaive','heroic','-','-','Cleric|Fighter|Paladin|Ranger|Warlord','-','-',1,1,1,1,1,1);
INSERT INTO `feats` VALUES('Weapon Proficiency Greataxe','heroic','-','-','Cleric|Fighter|Paladin|Ranger|Warlord','-','-',1,1,1,1,1,1);
INSERT INTO `feats` VALUES('Weapon Proficiency Greatclub','heroic','-','-','Cleric|Fighter|Paladin|Ranger|Warlock|Warlord','-','-',1,1,1,1,1,1);
INSERT INTO `feats` VALUES('Weapon Proficiency Greatsword','heroic','-','-','Cleric|Fighter|Paladin|Ranger|Warlord','-','-',1,1,1,1,1,1);
INSERT INTO `feats` VALUES('Weapon Proficiency Halberd','heroic','-','-','Cleric|Fighter|Paladin|Ranger|Warlord','-','-',1,1,1,1,1,1);
INSERT INTO `feats` VALUES('Weapon Proficiency Handaxe','heroic','-','-','Cleric|Fighter|Paladin|Ranger|Warlord','-','-',1,1,1,1,1,1);
INSERT INTO `feats` VALUES('Weapon Proficiency Hand crossbow','heroic','-','-','Cleric|Fighter|Paladin|Ranger|Rogue|Warlock|Warlord','-','-',1,1,1,1,1,1);
INSERT INTO `feats` VALUES('Weapon Proficiency Heavy flail','heroic','-','-','Cleric|Fighter|Paladin|Ranger|Warlord','-','-',1,1,1,1,1,1);
INSERT INTO `feats` VALUES('Weapon Proficiency Javelin','heroic','-','-','Cleric|Fighter|Paladin|Ranger|Warlock|Warlord','-','-',1,1,1,1,1,1);
INSERT INTO `feats` VALUES('Weapon Proficiency Katar','heroic','-','-','-','-','-',1,1,1,1,1,1);
INSERT INTO `feats` VALUES('Weapon Proficiency Longbow','heroic','-','-','Fighter|Ranger','-','-',1,1,1,1,1,1);
INSERT INTO `feats` VALUES('Weapon Proficiency Longspear','heroic','-','-','Cleric|Fighter|Paladin|Ranger|Warlord','-','-',1,1,1,1,1,1);
INSERT INTO `feats` VALUES('Weapon Proficiency Longsword','heroic','-','-','Cleric|Fighter|Paladin|Ranger|Warlord','-','-',1,1,1,1,1,1);
INSERT INTO `feats` VALUES('Weapon Proficiency Mace','heroic','-','-','Cleric|Fighter|Paladin|Ranger|Warlock|Warlord','-','-',1,1,1,1,1,1);
INSERT INTO `feats` VALUES('Weapon Proficiency Maul','heroic','-','-','Cleric|Fighter|Paladin|Ranger|Warlord','-','-',1,1,1,1,1,1);
INSERT INTO `feats` VALUES('Weapon Proficiency Morningstar','heroic','-','-','Cleric|Fighter|Paladin|Ranger|Warlock|Warlord','-','-',1,1,1,1,1,1);
INSERT INTO `feats` VALUES('Weapon Proficiency Rapier','heroic','-','-','-','-','-',1,1,1,1,1,1);
INSERT INTO `feats` VALUES('Weapon Proficiency Scimitar','heroic','-','-','Cleric|Fighter|Paladin|Ranger|Warlord','-','-',1,1,1,1,1,1);
INSERT INTO `feats` VALUES('Weapon Proficiency Scythe','heroic','-','-','Cleric|Fighter|Paladin|Ranger|Warlock|Warlord','-','-',1,1,1,1,1,1);
INSERT INTO `feats` VALUES('Weapon Proficiency Shortbow','heroic','-','-','Fighter|Ranger','-','-',1,1,1,1,1,1);
INSERT INTO `feats` VALUES('Weapon Proficiency Short sword','heroic','-','-','Cleric|Fighter|Paladin|Ranger|Rogue|Warlord','-','-',1,1,1,1,1,1);
INSERT INTO `feats` VALUES('Weapon Proficiency Shuriken','heroic','-','-','Rogue','-','-',1,1,1,1,1,1);
INSERT INTO `feats` VALUES('Weapon Proficiency Sickle','heroic','-','-','Cleric|Fighter|Paladin|Ranger|Warlock|Warlord','-','-',1,1,1,1,1,1);
INSERT INTO `feats` VALUES('Weapon Proficiency Sling','heroic','-','-','Cleric|Fighter|Paladin|Ranger|Rogue|Warlock|Warlord','-','-',1,1,1,1,1,1);
INSERT INTO `feats` VALUES('Weapon Proficiency Spear','heroic','-','-','Cleric|Fighter|Paladin|Ranger|Warlock|Warlord','-','-',1,1,1,1,1,1);
INSERT INTO `feats` VALUES('Weapon Proficiency Spiked chain','heroic','-','-','-','-','-',1,1,1,1,1,1);
INSERT INTO `feats` VALUES('Weapon Proficiency Throwing hammer','heroic','-','-','Cleric|Fighter|Paladin|Ranger|Warlord','-','-',1,1,1,1,1,1);
INSERT INTO `feats` VALUES('Weapon Proficiency Quarterstaff','heroic','-','-','Cleric|Fighter|Paladin|Ranger|Warlock|Warlord|Wizard','-','-',1,1,1,1,1,1);
INSERT INTO `feats` VALUES('Weapon Proficiency Warhammer','heroic','-','-','Cleric|Fighter|Paladin|Ranger|Warlord','-','-',1,1,1,1,1,1);
INSERT INTO `feats` VALUES('Weapon Proficiency War pick','heroic','-','-','Cleric|Fighter|Paladin|Ranger|Warlord','-','-',1,1,1,1,1,1);
INSERT INTO `feats` VALUES('Wintertouched','heroic','-','-','-','-','-',1,1,1,1,1,1);
DROP TABLE IF EXISTS "classes";
CREATE TABLE "classes" ([name] TEXT, [description] TEXT);
INSERT INTO `classes` VALUES('Cleric','Clerics are battle leaders who are invested with divine power. They blast foes with magical prayers, bolster and heal companions, and lead the way to victory with a mace in one hand and a holy symbol in the other. Clerics run the gamut from humble servants of the common folk to ruthless enforcers of evil gods.');
INSERT INTO `classes` VALUES('Fighter','Fighters are determined combat adepts trained to protect the other members of their adventuring groups. Fighters define the front line by bashing and slicing foes into submission while reflecting enemy attacks through the use of heavy armor. Fighters draw weapons for gold, for glory, for duty, and for the mere joy of unrestrained martial exercise.');
INSERT INTO `classes` VALUES('Paladin','Paladins are indomitable warriors who''ve pledged their prowess to something greater than themselves. Paladins smite enemies with divine authority, bolster the courage of nearby companions, and radiate as if a beacon of inextinguishable hope. Paladins are transfigured on the field of battle, exemplars of divine ethos in action.');
INSERT INTO `classes` VALUES('Ranger','Rangers are watchful warriors who roam past the horizon to safeguard a region, a principle, or a way of life. Masters of bow and blade, rangers excel at hit-and-run assaults and can quickly and silently eliminate foes. Rangers lay superb ambushes and excel at avoiding danger.');
INSERT INTO `classes` VALUES('Rogue','Rogues are cunning and elusive adversaries. Rogues slip into and out of shadows on a whim, pass anywhere across the field of battles without fear of reprisal, and appear suddenly only to drive home a lethal blade.');
INSERT INTO `classes` VALUES('Warlock','Warlocks channel arcane might wrested from primal entities. They commune with infernal intelligences and fey spirits, scour enemies with potent blasts of eldritch power, and bedevil foes with hexing curses. Armed with esoteric secrets and dangerous lore, warlocks are clever and resourceful foes.');
INSERT INTO `classes` VALUES('Warlord','Warlords are accomplished and competent battle leaders. Warlords stand on the front line issuing commands and bolstering their allies while leading the battle with weapon in hand. Warlords know how to rally a team to win a fight.');
INSERT INTO `classes` VALUES('Wizard','Wizards are scions of arcane magic. Wizards tap the true power that permeates the cosmos, research esoteric rituals that can alter time and space, and hurl balls of fire that incinerate massed foes. Wizards wield spells the way warriors brandish swords.');
DROP TABLE IF EXISTS "alignments";
CREATE TABLE [alignments] ([name] TEXT, [description] TEXT);
INSERT INTO `alignments` VALUES('Good','Freedom and kindness.');
INSERT INTO `alignments` VALUES('Lawful Good','Civilization and order.');
INSERT INTO `alignments` VALUES('Evil','Tyranny and hatred.');
INSERT INTO `alignments` VALUES('Chaotic Evil','Entropy and destruction.');
INSERT INTO `alignments` VALUES('Unaligned','Having no alignment, not taking a stand.');
DROP TABLE IF EXISTS "powers";
CREATE TABLE [powers] ([name] TEXT, [class] TEXT, [level] INT, [type] TEXT);
INSERT INTO "powers" VALUES('Acid Arrow','Wizard',1,'Daily');
INSERT INTO "powers" VALUES('Aid the Injured','Warlord',2,'Utility');
INSERT INTO "powers" VALUES('Angel of the Eleven Winds','Cleric',22,'Utility');
INSERT INTO "powers" VALUES('Angelic Intercession','Paladin',16,'Utility');
INSERT INTO "powers" VALUES('Angelic Rescue','Paladin',22,'Utility');
INSERT INTO "powers" VALUES('Anvil of Doom','Fighter',13,'Encounter');
INSERT INTO "powers" VALUES('Act of Desperation','Fighter',22,'Utility');
INSERT INTO "powers" VALUES('Adamantine Strike','Fighter',27,'Encounter');
INSERT INTO "powers" VALUES('Arc of the Righteous','Cleric',13,'Encounter');
INSERT INTO "powers" VALUES('Arcing Smite','Paladin',3,'Encounter');
INSERT INTO "powers" VALUES('Armor-Piercing Thrust','Fighter',3,'Encounter');
INSERT INTO "powers" VALUES('Armor of Agathys','Warlock',1,'Daily');
INSERT INTO "powers" VALUES('Armor Splinter','Ranger',13,'Encounter');
INSERT INTO "powers" VALUES('Arrow of Vengeance','Ranger',17,'Encounter');
INSERT INTO "powers" VALUES('Assassin''s Point','Rogue',29,'Daily');
INSERT INTO "powers" VALUES('Astral Blades of Death','Cleric',23,'Encounter');
INSERT INTO "powers" VALUES('Astral Defenders','Cleric',9,'Daily');
INSERT INTO "powers" VALUES('Astral Refuge','Cleric',10,'Utility');
INSERT INTO "powers" VALUES('Astral Shield','Cleric',16,'Utility');
INSERT INTO "powers" VALUES('Astral Speech','Paladin',2,'Utility');
INSERT INTO "powers" VALUES('Astral Storm','Cleric',29,'Daily');
INSERT INTO "powers" VALUES('Attacks of the Run','Ranger',9,'Daily');
INSERT INTO "powers" VALUES('Avenging Flame','Cleric',1,'Daily');
INSERT INTO "powers" VALUES('Avernian Eruption','Warlock',5,'Daily');
INSERT INTO "powers" VALUES('Awe Strike','Cleric',7,'Encounter');
INSERT INTO "powers" VALUES('Bait and Switch','Rogue',3,'Encounter');
INSERT INTO "powers" VALUES('Bastion of Defense','Warlord',1,'Daily');
INSERT INTO "powers" VALUES('Bastion of Health','Cleric',6,'Utility');
INSERT INTO "powers" VALUES('Battle Awareness','Fighter',6,'Utility');
INSERT INTO "powers" VALUES('Beacon of Hope','Cleric',1,'Encounter');
INSERT INTO "powers" VALUES('Beckon Foe','Paladin',7,'Encounter');
INSERT INTO "powers" VALUES('Beguiling Tongue','Warlock',2,'Utility');
INSERT INTO "powers" VALUES('Benign Transposition','Paladin',7,'Encounter');
INSERT INTO "powers" VALUES('Bigby''s Icy Grasp','Wizard',5,'Daily');
INSERT INTO "powers" VALUES('Biting Assault','Rogue',25,'Daily');
INSERT INTO "powers" VALUES('Bloodied Retribution','Paladin',15,'Daily');
INSERT INTO "powers" VALUES('Blade Barrier','Cleric',9,'Daily');
INSERT INTO "powers" VALUES('Blade Cascade','Ranger',15,'Daily');
INSERT INTO "powers" VALUES('Blade Ward','Ranger',23,'Encounter');
INSERT INTO "powers" VALUES('Blazing Beacon','Cleric',3,'Encounter');
INSERT INTO "powers" VALUES('Bleeding Wounds','Ranger',15,'Daily');
INSERT INTO "powers" VALUES('Bless','Cleric',2,'Utility');
INSERT INTO "powers" VALUES('Blinding Barrage','Rogue',1,'Daily');
INSERT INTO "powers" VALUES('Blinding Light','Cleric',17,'Encounter');
INSERT INTO "powers" VALUES('Blinding Smite','Paladin',27,'Encounter');
INSERT INTO "powers" VALUES('Bloodstorm','Ranger',25,'Daily');
INSERT INTO "powers" VALUES('Bloody Path','Rogue',15,'Daily');
INSERT INTO "powers" VALUES('Bolstering Strike','Paladin',1,'At-Will');
INSERT INTO "powers" VALUES('Boundless Endurance','Fighter',2,'Utility');
INSERT INTO "powers" VALUES('Break the Spirit','Cleric',7,'Encounter');
INSERT INTO "powers" VALUES('Bleak the Wall','Paladin',15,'Daily');
INSERT INTO "powers" VALUES('Brand of Judgement','Paladin',27,'Encounter');
INSERT INTO "powers" VALUES('Brute Strike','Fighter',1,'Daily');
INSERT INTO "powers" VALUES('Burning Hands','Wizard',1,'Encounter');
INSERT INTO "powers" VALUES('Cage of Chains','Fighter',23,'Encounter');
INSERT INTO "powers" VALUES('Careful Attack','Ranger',1,'At-Will');
INSERT INTO "powers" VALUES('Cascade of Light','Cleric',1,'Daily');
INSERT INTO "powers" VALUES('Cause Fear','Cleric',1,'Encounter');
INSERT INTO "powers" VALUES('Certain Freedom','Rogue',10,'Utility');
INSERT INTO "powers" VALUES('Chains of Sorrow','Fighter',13,'Encounter');
INSERT INTO "powers" VALUES('Chameleon','Rogue',6,'Utility');
INSERT INTO "powers" VALUES('Cheetah''s Rake','Ranger',17,'Encounter');
INSERT INTO "powers" VALUES('Chill Strike','Wizard',1,'Encounter');
INSERT INTO "powers" VALUES('Clarion Call of the Astral Sea','Cleric',22,'Utility');
INSERT INTO "powers" VALUES('Claws of the Griffon','Ranger',7,'Encounter');
INSERT INTO "powers" VALUES('Cleansing Burst','Paladin',22,'Utility');
INSERT INTO "powers" VALUES('Cleansing Spirit','Paladin',10,'Utility');
INSERT INTO "powers" VALUES('Cleave','Fighter',1,'At-Will');
INSERT INTO "powers" VALUES('Clever Riposte','Rogue',5,'Daily');
INSERT INTO "powers" VALUES('Cloak of Peace','Cleric',16,'Utility');
INSERT INTO "powers" VALUES('Cloak of Thorns','Ranger',23,'Encounter');
INSERT INTO "powers" VALUES('Close Quarters','Rogue',10,'Utility');
INSERT INTO "powers" VALUES('Close Quarters Shot','Ranger',9,'Daily');
INSERT INTO "powers" VALUES('Cloud Chariot','Cleric',22,'Utility');
INSERT INTO "powers" VALUES('Cloud Jump','Rogue',22,'Utility');
INSERT INTO "powers" VALUES('Cloud of Daggers','Wizard',1,'At-Will');
INSERT INTO "powers" VALUES('Cloud of Steel','Rogue',7,'Encounter');
INSERT INTO "powers" VALUES('Color Spray','Wizard',3,'Encounter');
INSERT INTO "powers" VALUES('Come and Get It','Fighter',7,'Encounter');
INSERT INTO "powers" VALUES('Comeback Strike','Fighter',1,'Daily');
INSERT INTO "powers" VALUES('Command','Cleric',3,'Encounter');
INSERT INTO "powers" VALUES('Commander''s Stride','Warlord',1,'At-Will');
INSERT INTO "powers" VALUES('Confounding Arrows','Ranger',15,'Daily');
INSERT INTO "powers" VALUES('Consecrated Ground','Cleric',5,'Daily');
INSERT INTO "powers" VALUES('Corona of Blinding Radiance','Paladin',19,'Daily');
INSERT INTO "powers" VALUES('Covering Attack','Fighter',1,'Encounter');
INSERT INTO "powers" VALUES('Crack the Shell','Fighter',5,'Daily');
INSERT INTO "powers" VALUES('Crescendo of Violence','Warlord',2,'Utility');
INSERT INTO "powers" VALUES('Crimson Edge','Rogue',9,'Daily');
INSERT INTO "powers" VALUES('Crown of Glory','Paladin',9,'Daily');
INSERT INTO "powers" VALUES('Crown of Madness','Warlock',5,'Daily');
INSERT INTO "powers" VALUES('Crucial Advice','Ranger',2,'Utility');
INSERT INTO "powers" VALUES('Cruel Cage of Steel','Ranger',19,'Daily');
INSERT INTO "powers" VALUES('Cruel Reaper','Fighter',27,'Encounter');
INSERT INTO "powers" VALUES('Crusader''s Boon','Paladin',19,'Daily');
INSERT INTO "powers" VALUES('Crushing Blow','Fighter',3,'Encounter');
INSERT INTO "powers" VALUES('Cure Light Wounds','Cleric',2,'Utility');
INSERT INTO "powers" VALUES('Cure Serious Wounds','Cleric',6,'Utility');
INSERT INTO "powers" VALUES('Curse of the Bloody Fangs','Warlock',5,'Daily');
INSERT INTO "powers" VALUES('Curse of the Dark Dream','Warlock',1,'Daily');
INSERT INTO "powers" VALUES('Cut and Run','Ranger',3,'Encounter');
INSERT INTO "powers" VALUES('Dance of Death','Rogue',27,'Encounter');
INSERT INTO "powers" VALUES('Dance of Steel','Fighter',3,'Encounter');
INSERT INTO "powers" VALUES('Dangerous Theft','Rogue',10,'Utility');
INSERT INTO "powers" VALUES('Daunting Light','Cleric',3,'Encounter');
INSERT INTO "powers" VALUES('Dazing Strike','Rogue',1,'Encounter');
INSERT INTO "powers" VALUES('Dazzling Acrobatics','Rogue',22,'Utility');
INSERT INTO "powers" VALUES('Deadly Positioning','Rogue',9,'Daily');
INSERT INTO "powers" VALUES('Death Rend','Ranger',27,'Encounter');
INSERT INTO "powers" VALUES('Death Ward','Paladin',16,'Utility');
INSERT INTO "powers" VALUES('Deep Cut','Rogue',5,'Daily');
INSERT INTO "powers" VALUES('Defensive Training','Fighter',6,'Utility');
INSERT INTO "powers" VALUES('Deft Strike','Rogue',1,'At-Will');
INSERT INTO "powers" VALUES('Deific Vegeance','Paladin',27,'Encounter');
INSERT INTO "powers" VALUES('Devastation''s Wake','Fighter',19,'Daily');
INSERT INTO "powers" VALUES('Diabolic Grasp','Warlock',1,'Encounter');
INSERT INTO "powers" VALUES('Diamond Shield Defense','Fighter',27,'Encounter');
INSERT INTO "powers" VALUES('Dire Radiance','Warlock',1,'At-Will');
INSERT INTO "powers" VALUES('Dire Wolverine Strike','Ranger',1,'Encounter');
INSERT INTO "powers" VALUES('Disruptive Strike','Ranger',3,'Encounter');
INSERT INTO "powers" VALUES('Divine Aid','Cleric',2,'Utility');
INSERT INTO "powers" VALUES('Divine Armor','Cleric',16,'Utility');
INSERT INTO "powers" VALUES('Divine Bodyguard','Paladin',6,'Utility');
INSERT INTO "powers" VALUES('Divine Censure','Cleric',23,'Encounter');
INSERT INTO "powers" VALUES('Divine Glow','Cleric',1,'Encounter');
INSERT INTO "powers" VALUES('Divine Power','Cleric',9,'Daily');
INSERT INTO "powers" VALUES('Divine Reverence','Paladin',7,'Encounter');
INSERT INTO "powers" VALUES('Divine Vigor','Cleric',6,'Utility');
INSERT INTO "powers" VALUES('Dizzying Blow','Fighter',5,'Daily');
INSERT INTO "powers" VALUES('Dragon''s Fangs','Fighter',15,'Daily');
INSERT INTO "powers" VALUES('Dragon Tail Strike','Rogue',17,'Encounter');
INSERT INTO "powers" VALUES('Dread Star','Warlock',1,'Daily');
INSERT INTO "powers" VALUES('Dreadful Word','Warlock',1,'Encounter');
INSERT INTO "powers" VALUES('Easy Target','Rogue',1,'Daily');
INSERT INTO "powers" VALUES('Eldritch Blast','Warlock',1,'At-Will');
INSERT INTO "powers" VALUES('Eldritch Rain','Warlock',3,'Encounter');
INSERT INTO "powers" VALUES('Enervating Smite','Paladin',17,'Encounter');
INSERT INTO "powers" VALUES('Enfeebling Strike','Paladin',1,'At-Will');
INSERT INTO "powers" VALUES('Entangling Smite','Paladin',13,'Encounter');
INSERT INTO "powers" VALUES('Enthrall','Cleric',17,'Encounter');
INSERT INTO "powers" VALUES('Ethereal Stride','Warlock',2,'Utility');
INSERT INTO "powers" VALUES('Evade Ambush','Ranger',6,'Utility');
INSERT INTO "powers" VALUES('Evade the Blow','Ranger',16,'Utility');
INSERT INTO "powers" VALUES('Evasive Strike','Ranger',1,'Encounter');
INSERT INTO "powers" VALUES('Evan Hand of Justice','Paladin',29,'Daily');
INSERT INTO "powers" VALUES('Exacting Strike','Fighter',17,'Encounter');
INSERT INTO "powers" VALUES('Excruciating Shot','Ranger',5,'Daily');
INSERT INTO "powers" VALUES('Exorcism of Steel','Fighter',17,'Encounter');
INSERT INTO "powers" VALUES('Exalted Retribution','Paladin',25,'Daily');
INSERT INTO "powers" VALUES('Expeditious Retreat','Wizard',2,'Utility');
INSERT INTO "powers" VALUES('Expeditious Stride','Ranger',10,'Utility');
INSERT INTO "powers" VALUES('Eyebite','Warlock',1,'At-Will');
INSERT INTO "powers" VALUES('Fangs of Steel','Fighter',23,'Encounter');
INSERT INTO "powers" VALUES('Fearsome Smite','Paladin',1,'Encounter');
INSERT INTO "powers" VALUES('Feather Fall','Wizard',2,'Utility');
INSERT INTO "powers" VALUES('Feinting Flurry','Rogue',19,'Daily');
INSERT INTO "powers" VALUES('Fiendish Resilience','Warlock',2,'Utility');
INSERT INTO "powers" VALUES('Fiery Bolt','Warlock',3,'Encounter');
INSERT INTO "powers" VALUES('Fireball','Wizard',5,'Daily');
INSERT INTO "powers" VALUES('Fire Shroud','Wizard',3,'Encounter');
INSERT INTO "powers" VALUES('Fire Storm','Cleric',19,'Daily');
INSERT INTO "powers" VALUES('Flame Strike','Cleric',9,'Daily');
INSERT INTO "powers" VALUES('Flames of Phlegethos','Warlock',1,'Daily');
INSERT INTO "powers" VALUES('Flaming Sphere','Wizard',1,'Daily');
INSERT INTO "powers" VALUES('Fleeting Ghost','Rogue',2,'Utility');
INSERT INTO "powers" VALUES('Flying Foe','Rogue',19,'Daily');
INSERT INTO "powers" VALUES('Follow-up Blow','Ranger',29,'Daily');
INSERT INTO "powers" VALUES('Foil the Lock','Rogue',16,'Utility');
INSERT INTO "powers" VALUES('Fool''s Opportunity','Rogue',13,'Encounter');
INSERT INTO "powers" VALUES('Force the Battle','Fighter',29,'Daily');
INSERT INTO "powers" VALUES('Force Orb','Wizard',1,'Encounter');
INSERT INTO "powers" VALUES('Forest Ghost','Ranger',22,'Utility');
INSERT INTO "powers" VALUES('Fortifying Smite','Paladin',17,'Encounter');
INSERT INTO "powers" VALUES('Fox''s Cunning','Ranger',1,'Encounter');
INSERT INTO "powers" VALUES('Freezing Cloud','Wizard',1,'Daily');
INSERT INTO "powers" VALUES('Frenzied Skirmish','Ranger',3,'Daily');
INSERT INTO "powers" VALUES('Frigid Darkness','Warlock',3,'Encounter');
INSERT INTO "powers" VALUES('Furious Smash','Warlord',1,'At-Will');
INSERT INTO "powers" VALUES('Garrote Grip','Rogue',15,'Daily');
INSERT INTO "powers" VALUES('Get Over Here','Fighter',2,'Utility');
INSERT INTO "powers" VALUES('Ghost on the Wind','Rogue',25,'Daily');
INSERT INTO "powers" VALUES('Giant''s Wake','Fighter',13,'Encounter');
INSERT INTO "powers" VALUES('Gift of Life','Paladin',22,'Utility');
INSERT INTO "powers" VALUES('Godstrike','Cleric',29,'Daily');
INSERT INTO "powers" VALUES('Great Leap','Rogue',2,'Utility');
INSERT INTO "powers" VALUES('Great Ram Arrow','Ranger',19,'Daily');
INSERT INTO "powers" VALUES('Griffon''s Wrath','Fighter',7,'Encounter');
INSERT INTO "powers" VALUES('Guardian of Faith','Cleric',1,'Daily');
INSERT INTO "powers" VALUES('Guarding Attack','Warlord',1,'Encounter');
INSERT INTO "powers" VALUES('Hack ''n'' Slash','Fighter',23,'Encounter');
INSERT INTO "powers" VALUES('Hail of Arrows','Ranger',27,'Encounter');
INSERT INTO "powers" VALUES('Hallowed Circle','Paladin',5,'Daily');
INSERT INTO "powers" VALUES('Hallowed Ground','Cleric',16,'Utility');
INSERT INTO "powers" VALUES('Hammer and Anvil','Warlord',1,'Encounter');
INSERT INTO "powers" VALUES('Hammer Shot','Ranger',23,'Encounter');
INSERT INTO "powers" VALUES('Hamstring','Rogue',25,'Daily');
INSERT INTO "powers" VALUES('Hand of the Gods','Paladin',17,'Encounter');
INSERT INTO "powers" VALUES('Harrying Assault','Fighter',17,'Encounter');
INSERT INTO "powers" VALUES('Haunting Strike','Cleric',23,'Encounter');
INSERT INTO "powers" VALUES('Hawk''s Talon','Ranger',7,'Encounter');
INSERT INTO "powers" VALUES('Healing Strike','Cleric',1,'Encounter');
INSERT INTO "powers" VALUES('Healing Torch','Cleric',23,'Encounter');
INSERT INTO "powers" VALUES('Hellish Rebuke','Warlock',1,'At-Will');
INSERT INTO "powers" VALUES('Here Waits Thy Doom','Paladin',23,'Encounter');
INSERT INTO "powers" VALUES('Hide from the Light','Rogue',22,'Utility');
INSERT INTO "powers" VALUES('Hide in Plain Sight','Rogue',16,'Utility');
INSERT INTO "powers" VALUES('Hit and Run','Ranger',1,'At-Will');
INSERT INTO "powers" VALUES('Hit the Dirt','Ranger',22,'Utility');
INSERT INTO "powers" VALUES('Hold the Line','Warlord',3,'Encounter');
INSERT INTO "powers" VALUES('Holy Lantern','Cleric',6,'Utility');
INSERT INTO "powers" VALUES('Holy Spark','Cleric',15,'Daily');
INSERT INTO "powers" VALUES('Holy Strike','Paladin',1,'At-Will');
INSERT INTO "powers" VALUES('Holy Wrath','Cleric',19,'Daily');
INSERT INTO "powers" VALUES('Hounded Strike','Rogue',17,'Encounter');
INSERT INTO "powers" VALUES('Hunger of Hadar','Warlock',5,'Daily');
INSERT INTO "powers" VALUES('Hunter''s Bear Trap','Ranger',1,'Daily');
INSERT INTO "powers" VALUES('Hurricane of Blood','Rogue',27,'Encounter');
INSERT INTO "powers" VALUES('Icy Rays','Wizard',3,'Encounter');
INSERT INTO "powers" VALUES('Icy Terrain','Wizard',1,'Encounter');
INSERT INTO "powers" VALUES('Ignoble Escape','Rogue',6,'Utility');
INSERT INTO "powers" VALUES('Immobilizing Strike','Rogue',29,'Daily');
INSERT INTO "powers" VALUES('Imperiling Strike','Rogue',7,'Encounter');
INSERT INTO "powers" VALUES('Indomitable Battle Strike','Fighter',27,'Encounter');
INSERT INTO "powers" VALUES('Indomitable Spirit','Cleric',19,'Daily');
INSERT INTO "powers" VALUES('Inspiring Strike','Cleric',13,'Encounter');
INSERT INTO "powers" VALUES('Inspiring War Cry','Warlord',3,'Encounter');
INSERT INTO "powers" VALUES('Interposing Shield','Fighter',16,'Utility');
INSERT INTO "powers" VALUES('Into the Fray','Fighter',10,'Utility');
INSERT INTO "powers" VALUES('Invigorating Smite','Paladin',3,'Encounter');
INSERT INTO "powers" VALUES('Iron Bulwark','Fighter',7,'Encounter');
INSERT INTO "powers" VALUES('Iron Warrior','Fighter',16,'Utility');
INSERT INTO "powers" VALUES('Jaws of the Wolf','Ranger',1,'Daily');
INSERT INTO "powers" VALUES('Jump','Wizard',2,'Utility');
INSERT INTO "powers" VALUES('King''s Castle','Rogue',1,'Encounter');
INSERT INTO "powers" VALUES('Knave''s Gambit','Rogue',23,'Encounter');
INSERT INTO "powers" VALUES('Knight''s Move','Warlord',2,'Utility');
INSERT INTO "powers" VALUES('Knight of Glory','Cleric',19,'Daily');
INSERT INTO "powers" VALUES('Knights of Unyielding Valor','Cleric',10,'Utility');
INSERT INTO "powers" VALUES('Knockdown Shot','Ranger',13,'Encounter');
INSERT INTO "powers" VALUES('Knockout','Rogue',9,'Daily');
INSERT INTO "powers" VALUES('Armor Splinter','Ranger',13,'Encounter');
INSERT INTO "powers" VALUES('Lance of Faith','Cleric',1,'At-Will');
INSERT INTO "powers" VALUES('Last Ditch Evasion','Fighter',10,'Utility');
INSERT INTO "powers" VALUES('Lead the Attack','Warlord',1,'Daily');
INSERT INTO "powers" VALUES('Leaf on the Wind','Warlord',1,'Encounter');
INSERT INTO "powers" VALUES('Leaping Dodge','Rogue',16,'Utility');
INSERT INTO "powers" VALUES('Lightning Shot','Ranger',27,'Encounter');
INSERT INTO "powers" VALUES('Longstrider','Ranger',16,'Utility');
INSERT INTO "powers" VALUES('Magic Missile','Wizard',1,'At-Will');
INSERT INTO "powers" VALUES('Manticore''s Volley','Ranger',23,'Encounter');
INSERT INTO "powers" VALUES('Martyr''s Blessing','Paladin',2,'Utility');
INSERT INTO "powers" VALUES('Martyr''s Retribution','Paladin',5,'Daily');
INSERT INTO "powers" VALUES('Martyr''s Smite','Paladin',23,'Encounter');
INSERT INTO "powers" VALUES('Mass Cure Light Wounds','Cleric',10,'Utility');
INSERT INTO "powers" VALUES('Master of Deceit','Rogue',2,'Utility');
INSERT INTO "powers" VALUES('Master of the Hunt','Ranger',22,'Utility');
INSERT INTO "powers" VALUES('Mob Mentality','Rogue',6,'Utility');
INSERT INTO "powers" VALUES('Momentary Respite','Ranger',16,'Utility');
INSERT INTO "powers" VALUES('Mountain Breaking Blow','Fighter',17,'Encounter');
INSERT INTO "powers" VALUES('Moving Target','Rogue',29,'Daily');
INSERT INTO "powers" VALUES('Nimble Climb','Rogue',6,'Utility');
INSERT INTO "powers" VALUES('Nimble Defense','Ranger',13,'Encounter');
INSERT INTO "powers" VALUES('Nimble Strike','Ranger',1,'At-Will');
INSERT INTO "powers" VALUES('Nimbus of Doom','Cleric',25,'Daily');
INSERT INTO "powers" VALUES('No Mercy','Fighter',29,'Daily');
INSERT INTO "powers" VALUES('No Opening','Fighter',2,'Utility');
INSERT INTO "powers" VALUES('No Surrender','Fighter',22,'Utility');
INSERT INTO "powers" VALUES('Noble Shield','Paladin',10,'Utility');
INSERT INTO "powers" VALUES('On Pain of Death','Paladin',1,'Daily');
INSERT INTO "powers" VALUES('One Heart, One Mind','Paladin',6,'Utility');
INSERT INTO "powers" VALUES('One Stands Alone','Paladin',9,'Daily');
INSERT INTO "powers" VALUES('Open the Range','Ranger',10,'Utility');
INSERT INTO "powers" VALUES('Otherwind Stride','Warlock',3,'Encounter');
INSERT INTO "powers" VALUES('Paladin''s Judgement','Paladin',1,'Daily');
INSERT INTO "powers" VALUES('Paralyzing Strike','Fighter',23,'Encounter');
INSERT INTO "powers" VALUES('Passing Attack','Fighter',1,'Encounter');
INSERT INTO "powers" VALUES('Perfect Strike','Rogue',27,'Encounter');
INSERT INTO "powers" VALUES('Piercing Smite','Paladin',1,'Encounter');
INSERT INTO "powers" VALUES('Piercing Strike','Rogue',1,'At-Will');
INSERT INTO "powers" VALUES('Pin the Foe','Warlord',1,'Daily');
INSERT INTO "powers" VALUES('Pinning Strike','Ranger',13,'Encounter');
INSERT INTO "powers" VALUES('Plague of Doom','Cleric',13,'Encounter');
INSERT INTO "powers" VALUES('Positioning Strike','Rogue',1,'Encounter');
INSERT INTO "powers" VALUES('Powerful Faith','Paladin',29,'Daily');
INSERT INTO "powers" VALUES('Precise Strike','Fighter',3,'Encounter');
INSERT INTO "powers" VALUES('Priest''s Shield','Cleric',1,'At-Will');
INSERT INTO "powers" VALUES('Punishing Strike','Cleric',27,'Encounter');
INSERT INTO "powers" VALUES('Purify','Cleric',22,'Utility');
INSERT INTO "powers" VALUES('Purifying Fire','Cleric',15,'Daily');
INSERT INTO "powers" VALUES('Quick Fingers','Rogue',2,'Utility');
INSERT INTO "powers" VALUES('Radiant Charge','Paladin',13,'Encounter');
INSERT INTO "powers" VALUES('Radiant Delirium','Paladin',1,'Daily');
INSERT INTO "powers" VALUES('Radiant Pulse','Paladin',9,'Daily');
INSERT INTO "powers" VALUES('Radiant Smite','Paladin',1,'Encounter');
INSERT INTO "powers" VALUES('Rain of Blows','Fighter',3,'Encounter');
INSERT INTO "powers" VALUES('Rain of Steel','Fighter',5,'Daily');
INSERT INTO "powers" VALUES('Raise the Stakes','Rogue',16,'Utility');
INSERT INTO "powers" VALUES('Ray of Enfeeblement','Wizard',1,'Encounter');
INSERT INTO "powers" VALUES('Ray of Frost','Wizard',1,'At-Will');
INSERT INTO "powers" VALUES('Reaper''s Stance','Fighter',25,'Daily');
INSERT INTO "powers" VALUES('Reaping Strike','Fighter',1,'At-Will');
INSERT INTO "powers" VALUES('Reaving Strike','Fighter',19,'Daily');
INSERT INTO "powers" VALUES('Reckless Strike','Fighter',7,'Encounter');
INSERT INTO "powers" VALUES('Reign of Terror','Fighter',25,'Daily');
INSERT INTO "powers" VALUES('Renewing Smite','Paladin',13,'Encounter');
INSERT INTO "powers" VALUES('Resounding Smite','Paladin',23,'Encounter');
INSERT INTO "powers" VALUES('Restricting Smite','Paladin',27,'Encounter');
INSERT INTO "powers" VALUES('Righteous Brand','Cleric',1,'At-Will');
INSERT INTO "powers" VALUES('Righteous Inferno','Paladin',19,'Daily');
INSERT INTO "powers" VALUES('Righteous Smite','Paladin',3,'Encounter');
INSERT INTO "powers" VALUES('Riposte Strike','Rogue',1,'At-Will');
INSERT INTO "powers" VALUES('Rogue''s Luck','Rogue',7,'Encounter');
INSERT INTO "powers" VALUES('Rune of Peace','Cleric',5,'Daily');
INSERT INTO "powers" VALUES('Sacred Circle','Paladin',2,'Utility');
INSERT INTO "powers" VALUES('Sacred Flame','Cleric',1,'At-Will');
INSERT INTO "powers" VALUES('Sacred Word','Cleric',25,'Daily');
INSERT INTO "powers" VALUES('Sacrificial Healing','Cleric',27,'Encounter');
INSERT INTO "powers" VALUES('Safe Stride','Ranger',22,'Utility');
INSERT INTO "powers" VALUES('Sanctuary','Cleric',2,'Utility');
INSERT INTO "powers" VALUES('Sand in the Eyes','Rogue',7,'Encounter');
INSERT INTO "powers" VALUES('Scorpion''s Strike','Rogue',23,'Encounter');
INSERT INTO "powers" VALUES('Scourge of the Unworthy','Cleric',27,'Encounter');
INSERT INTO "powers" VALUES('Scorching Burst','Wizard',1,'At-Will');
INSERT INTO "powers" VALUES('Seal of Binding','Cleric',25,'Daily');
INSERT INTO "powers" VALUES('Seal of Protection','Cleric',25,'Daily');
INSERT INTO "powers" VALUES('Seal of Warding','Cleric',15,'Daily');
INSERT INTO "powers" VALUES('Searing Light','Cleric',7,'Encounter');
INSERT INTO "powers" VALUES('Sentinel Strike','Cleric',17,'Encounter');
INSERT INTO "powers" VALUES('Serpent Dance Strike','Fighter',15,'Daily');
INSERT INTO "powers" VALUES('Setup Strike','Rogue',3,'Encounter');
INSERT INTO "powers" VALUES('Shadow Stride','Rogue',10,'Utility');
INSERT INTO "powers" VALUES('Shadow Veil','Warlock',2,'Utility');
INSERT INTO "powers" VALUES('Shadow Wasp Strike','Ranger',3,'Encounter');
INSERT INTO "powers" VALUES('Shake It Off','Warlord',2,'Utility');
INSERT INTO "powers" VALUES('Shield','Wizard',2,'Utility');
INSERT INTO "powers" VALUES('Shield of Faith','Cleric',2,'Utility');
INSERT INTO "powers" VALUES('Shielding Smite','Paladin',1,'Encounter');
INSERT INTO "powers" VALUES('Shielding Word','Cleric',10,'Utility');
INSERT INTO "powers" VALUES('Shift the Battlefield','Fighter',9,'Daily');
INSERT INTO "powers" VALUES('Shock Sphere','Wizard',3,'Encounter');
INSERT INTO "powers" VALUES('Sign of Vulnerability','Paladin',5,'Daily');
INSERT INTO "powers" VALUES('Silverstep','Fighter',13,'Encounter');
INSERT INTO "powers" VALUES('Skilled Companion','Ranger',6,'Utility');
INSERT INTO "powers" VALUES('Skullcrusher','Fighter',23,'Encounter');
INSERT INTO "powers" VALUES('Slaying Strike','Rogue',15,'Daily');
INSERT INTO "powers" VALUES('Sleep','Wizard',1,'Daily');
INSERT INTO "powers" VALUES('Slippery Mind','Rogue',6,'Utility');
INSERT INTO "powers" VALUES('Sly Flourish','Rogue',1,'At-Will');
INSERT INTO "powers" VALUES('Snake''s Retreat','Rogue',19,'Daily');
INSERT INTO "powers" VALUES('Spikes of the Manticore','Ranger',7,'Encounter');
INSERT INTO "powers" VALUES('Spinning Sweep','Fighter',1,'Encounter');
INSERT INTO "powers" VALUES('Spirit of Health','Cleric',22,'Utility');
INSERT INTO "powers" VALUES('Spiritual Weapon','Cleric',5,'Daily');
INSERT INTO "powers" VALUES('Splintering Shot','Ranger',5,'Daily');
INSERT INTO "powers" VALUES('Split the Sky','Cleric',3,'Encounter');
INSERT INTO "powers" VALUES('Split the Tree','Ranger',1,'Daily');
INSERT INTO "powers" VALUES('Spray of Arrows','Ranger',9,'Daily');
INSERT INTO "powers" VALUES('Stab and Grab','Rogue',17,'Encounter');
INSERT INTO "powers" VALUES('Staggering Smite','Paladin',3,'Encounter');
INSERT INTO "powers" VALUES('Stalwart Guard','Fighter',10,'Utility');
INSERT INTO "powers" VALUES('Stand the Fallen','Warlord',5,'Daily');
INSERT INTO "powers" VALUES('Steel Entrapment','Rogue',23,'Encounter');
INSERT INTO "powers" VALUES('Steel Monsoon','Warlord',3,'Encounter');
INSERT INTO "powers" VALUES('Steel Serpent Strike','Fighter',1,'Encounter');
INSERT INTO "powers" VALUES('Stinking Cloud','Wizard',5,'Daily');
INSERT INTO "powers" VALUES('Storm of Blows','Fighter',13,'Encounter');
INSERT INTO "powers" VALUES('Storm of Destruction','Fighter',29,'Daily');
INSERT INTO "powers" VALUES('Strengthen the Faithful','Cleric',7,'Encounter');
INSERT INTO "powers" VALUES('Strike of the Watchful Guard','Fighter',19,'Daily');
INSERT INTO "powers" VALUES('Stunning Smite','Paladin',27,'Encounter');
INSERT INTO "powers" VALUES('Stunning Steel','Ranger',15,'Daily');
INSERT INTO "powers" VALUES('Stunning Strike','Rogue',13,'Encounter');
INSERT INTO "powers" VALUES('Sublime Transposition','Paladin',23,'Encounter');
INSERT INTO "powers" VALUES('Sudden Strike','Ranger',1,'Daily');
INSERT INTO "powers" VALUES('Sudden Surge','Fighter',7,'Encounter');
INSERT INTO "powers" VALUES('Sunburst','Cleric',27,'Encounter');
INSERT INTO "powers" VALUES('Supremacy of Steal','Fighter',25,'Daily');
INSERT INTO "powers" VALUES('Sure Strike','Fighter',1,'At-Will');
INSERT INTO "powers" VALUES('Surprise Step','Fighter',16,'Utility');
INSERT INTO "powers" VALUES('Sweeping Blow','Fighter',3,'Encounter');
INSERT INTO "powers" VALUES('Sweeping Whirlwind','Ranger',7,'Encounter');
INSERT INTO "powers" VALUES('Swirling Leaves of Steel','Ranger',9,'Daily');
INSERT INTO "powers" VALUES('Talon of the Roc','Fighter',13,'Encounter');
INSERT INTO "powers" VALUES('Terrifying Smite','Paladin',17,'Encounter');
INSERT INTO "powers" VALUES('Thicket of Blades','Fighter',9,'Daily');
INSERT INTO "powers" VALUES('Three-in-One Shot','Ranger',29,'Daily');
INSERT INTO "powers" VALUES('Thunder Smite','Paladin',7,'Encounter');
INSERT INTO "powers" VALUES('Thunderous Word','Cleric',17,'Encounter');
INSERT INTO "powers" VALUES('Thundertusk Boar Strike','Ranger',3,'Encounter');
INSERT INTO "powers" VALUES('Thunderwave','Wizard',1,'At-Will');
INSERT INTO "powers" VALUES('Tide of Iron','Fighter',1,'At-Will');
INSERT INTO "powers" VALUES('Tiger''s Reflex','Ranger',25,'Daily');
INSERT INTO "powers" VALUES('To the Nine Hells with You','Paladin',25,'Daily');
INSERT INTO "powers" VALUES('Topple Over','Rogue',3,'Encounter');
INSERT INTO "powers" VALUES('Tornado Strike','Rogue',13,'Encounter');
INSERT INTO "powers" VALUES('Torturous Strike','Rogue',1,'Encounter');
INSERT INTO "powers" VALUES('Trick Strike','Rogue',1,'Daily');
INSERT INTO "powers" VALUES('Trickster''s Blade','Rogue',3,'Encounter');
INSERT INTO "powers" VALUES('Triple Shot','Ranger',17,'Encounter');
INSERT INTO "powers" VALUES('True Nemesis','Paladin',15,'Daily');
INSERT INTO "powers" VALUES('Turn the Tide','Paladin',10,'Utility');
INSERT INTO "powers" VALUES('Turning Point','Warlord',5,'Daily');
INSERT INTO "powers" VALUES('Twin Strike','Ranger',1,'At-Will');
INSERT INTO "powers" VALUES('Two-in-One Shot','Ranger',19,'Daily');
INSERT INTO "powers" VALUES('Two-Fanged Strike','Ranger',1,'Encounter');
INSERT INTO "powers" VALUES('Two-Weapon Eviscerate','Ranger',17,'Encounter');
INSERT INTO "powers" VALUES('Two-Wolf Pounce','Ranger',5,'Daily');
INSERT INTO "powers" VALUES('Unbalancing Attack','Rogue',13,'Encounter');
INSERT INTO "powers" VALUES('Unbalancing Parry','Ranger',2,'Utility');
INSERT INTO "powers" VALUES('Unbreakable','Fighter',6,'Utility');
INSERT INTO "powers" VALUES('Undaunted Stride','Ranger',10,'Utility');
INSERT INTO "powers" VALUES('United in Faith','Paladin',22,'Utility');
INSERT INTO "powers" VALUES('Unstoppable','Fighter',2,'Utility');
INSERT INTO "powers" VALUES('Unstoppable Arrows','Ranger',25,'Daily');
INSERT INTO "powers" VALUES('Unyielding Avalanche','Fighter',15,'Daily');
INSERT INTO "powers" VALUES('Valiant Strike','Paladin',1,'At-Will');
INSERT INTO "powers" VALUES('Vampiric Embrace','Warlock',1,'Encounter');
INSERT INTO "powers" VALUES('Victorious Surge','Fighter',9,'Daily');
INSERT INTO "powers" VALUES('Villain''s Menace','Fighter',1,'Daily');
INSERT INTO "powers" VALUES('Villain''s Nightmare','Warlord',5,'Daily');
INSERT INTO "powers" VALUES('Viper''s Stride','Warlord',1,'At-Will');
INSERT INTO "powers" VALUES('Vorpal Tornado','Fighter',17,'Encounter');
INSERT INTO "powers" VALUES('Walking Wounded','Rogue',5,'Daily');
INSERT INTO "powers" VALUES('Wandering Tornado','Ranger',27,'Encounter');
INSERT INTO "powers" VALUES('Warlord''s Favor','Warlord',1,'Encounter');
INSERT INTO "powers" VALUES('Warlord''s Strike','Warlord',3,'Encounter');
INSERT INTO "powers" VALUES('Warrior''s Challenge','Fighter',17,'Encounter');
INSERT INTO "powers" VALUES('Warrior''s Urging','Fighter',23,'Encounter');
INSERT INTO "powers" VALUES('Weapon of the Gods','Cleric',5,'Daily');
INSERT INTO "powers" VALUES('Weave a Web of Steel','Ranger',29,'Daily');
INSERT INTO "powers" VALUES('Weave through the Fray','Ranger',6,'Utility');
INSERT INTO "powers" VALUES('Web','Wizard',5,'Daily');
INSERT INTO "powers" VALUES('Whirlwind Smite','Paladin',13,'Encounter');
INSERT INTO "powers" VALUES('White Raven Onslaught','Warlord',1,'Daily');
INSERT INTO "powers" VALUES('Witchfire','Warlock',1,'Encounter');
INSERT INTO "powers" VALUES('Wolf Pack Tactics','Warlord',1,'At-Will');
INSERT INTO "powers" VALUES('Wounding Whirlwind','Ranger',19,'Daily');
INSERT INTO "powers" VALUES('Wrath of the Gods','Paladin',6,'Utility');
INSERT INTO "powers" VALUES('Wrathful Thunder','Cleric',1,'Encounter');
INSERT INTO "powers" VALUES('Yielding Ground','Ranger',2,'Utility');
COMMIT;
